날짜,매체명,검색키워드,기사제목,주요기사 요약,URL,sentiment
2026-02-20 17:23,,포스코,포스코청암상에 최경수·최연수·정기로·서울여상,과학·봉사·기술·교육에 공로 상금 3억…4월 22일 시상식 포스코청암재단(이사장 장인화)이 제20회 포스코청암상 수상자를 확정하며 상금을 역대 최대 수준인 3억원으로 올렸다. 포스코청암재단은 20일 서울...,https://www.mk.co.kr/article/11967480,pos
2026-02-20 17:22,,포스코,제20회 포스코청암상 과학상에 최경수 고등과학원 교수,포스코청암재단이 제20회 포스코청암상 수상자로 최경수 고등과학원 수학부 교수 등을 선정했다고 20일 밝혔다. 포스코청암상은 2007년 첫 시상을 시작으로 올해 제정 20주년을 맞이했다. 포스코의 창업이념인 창의존중...,http://www.inews24.com/view/1940990,pos
2026-02-20 17:16,,포스코,포스코청암재단 제20회 포스코청암상 수상자 선정,과학상 수상자 최경수교육상 수상 서울여상 로고봉사상 수상자 최연수기술상 수상자 정기로 포스코청암재단(이사장 장인화)은 20일 포스코센터에서 이사회를 열고 제20회 포스코청암상 수상자를 선정했다. 올해...,http://www.hidomin.com/news/articleView.html?idxno=609571,pos
2026-02-20 17:04,,포스코,포스코청암상 20주년 맞아 상금 증액…4개 부문 수상자 발표,(사진=포스코청암재단) 포스코청암재단이 20일 서울 포스코센터에서 이사회를 열고 제20회 포스코청암상 수상자를 확정했다. 올해는 과학·교육·봉사·기술 4개 부문에서 총 4명(기관 포함)이 선정됐다. 수상자는...,http://www.biztribune.co.kr/news/articleView.html?idxno=349182,pos
2026-02-20 16:54,,포스코,"포스코홀딩스, 정기 이사회 개최…사내외 이사 후보 추천·자사주 2% 소...",포스코홀딩스가 사내외 이사 후보 추천과 자사주 소각을 통해 지배구조 강화와 주주가치 제고에 나선다.포스코홀딩스는 지난 19일 포스코센터에서 정기 이사회를 열고 사내외 이사 후보 추천 안건과 자사주 소각 안건을...,https://www.kbsm.net/news/view.php?idx=509088,pos
2026-02-20 16:52,,포스코,20주년 맞은 포스코청암상…과학·교육·봉사·기술 4개 부문 수상자 선...,포스코청암재단이 제정 20주년을 맞은 포스코청암상의 제20회 수상자를 선정했다. 재단은 20일 서울 포스코센터에서 이사회를 열고 과학·교육·봉사·기술 등 4개 부문에서 각 1명(기관)을 수상자로 확정했다.올해...,https://www.kbsm.net/news/view.php?idx=509079,pos
2026-02-20 16:51,,포스코,20주년 맞은 '포스코청암상'… 최경수 고등과학원 교수 등 수상자 4명 ...,"포스코청암재단은 20일 이사회를 열어 '제20회 포스코청암상' 수상자로 최경수 고등과학원 수학부 교수(과학상), 서울여자상업고등학교(교육상), 최연수 한빛청소년재단 상임이사(봉사상), 정기로 ㈜APS 대표(기술상)를...",https://www.hankookilbo.com/news/article/A2026022015540000814?did=NA,pos
2026-02-20 16:41,,포스코,"포스코청암상 20주년…상금 3억원으로 확대, 제20회 수상자 선정","20년간 72명에 142억 원 상금 지원 포스코청암재단(이사장 장인화)이 포스코청암상 제정 20주년을 맞아 상금을 대폭 확대하고, 제20회 수상자 4명을 선정했다. 포스코청암재단은 20일 서울 포스코센터에서 이사회를 열고...",https://www.pressian.com/pages/articles/2026022016124799102?utm_source=naver&utm_medium=search,pos
2026-02-20 16:40,,포스코,"포스코청암재단, '제정 20주년' 포스코청암상 수상자 선정…상금 3억원...",제20회 포스코청암상 수상자인 최경수 고등과학원 수학부 교수·최연수 한빛청소년재단 상임이사·정기로 ㈜APS대표이사. 사진=포스코홀딩스 | 뉴스워치= 박수진 기자 | 포스코청암재단이 20일 포스코센터에서 이사회를...,http://www.newswatch.kr/news/articleView.html?idxno=77866,pos
2026-02-20 16:30,,포스코,"현대제철, '초저온 인장 시험' 국산화 성공…포스코, 함정용 고연성강·...","포스코, 함정용 고연성강·방탄강 국내 최초 개발 포스코는 함정용 고연성강과 방탄강을 국내 최초로 개발하고, 한국선급(KR)으로부터 선급 인증을 획득했다고 20일 밝혔다. 포스코가 이번에 개발한 고연성강은 기존...",http://www.sisaon.co.kr/news/articleView.html?idxno=180659,pos
2026-02-20 16:30,,포스코,"박대기, 포항시장 예비후보 등록…""포스코 경쟁력 회복으로 지역경제 살...","박 예비후보는 이날 등록 직후 ""포항시장에 출마한 이유는 포스코 경쟁력 회복과 지역경제 활성화를 위해서... 이후 포스코 경쟁력 강화와 철강·이차전지·수소 산업 고도화를 주요 정책 방향으로 제시해왔다. 공약 추진...",http://www.enewstoday.co.kr/news/articleView.html?idxno=2396510,pos
2026-02-20 16:24,,포스코,[그룹주 기상도]삼성·한화 ‘맑음’ 속 포스코 ‘구름 조금‘…K-산업...,◆포스코홀딩스(005490) ‘구름 조금’=포스코홀딩스는 최근 자사주 2% 소각(약 1조7000억원)을 결정하며 강력한 주주환원 의지를 피력했다. 김주연 전 부회장을 사외이사로 선임하며 경영 투명성 강화에도 힘을...,https://www.nspna.com/news/?mode=view&newsid=803532,pos
2026-02-20 16:24,,포스코,"포스코청암재단, 포스코청암상 20주년…상금 3억원 증액·제20회 수상자...",포스코청암재단이 포스코청암상 제정 20주년을 맞아 제20회 수상자 4명을 선정하고 부문별 상금을 기존 2억원에서 3억원으로 증액하는 한편 20년간 72명에게 총 142억원을 지원한 성과를 재조명했다. 재단은 20일 서울...,https://www.nspna.com/news/?mode=view&newsid=803553,pos
2026-02-20 16:24,,포스코,"포스코청암재단, 제20회 포스코청암상 수상자 선정","사진 왼쪽부터 포스코청암상 수상자 최경수 교수, 최연수 상임이사, 정기로 APS 대표 포스코청암재단(이사장 장인화)이 20일 포스코센터에서 이사회를 열고 제20회 포스코청암상 수상자를 선정했다. 올해 수상자로...",https://www.pinpointnews.co.kr/news/articleView.html?idxno=430921,pos
2026-02-20 16:22,스트레이트뉴스,포스코,20주년 맞은 '포스코청암상'…올해 과학∙교육∙봉사∙기술 부문 4명 수...,포스코청암재단 제공 포스코청암재단이 20일 포스코센터에서 이사회를 열고 제20회 포스코청암상 수상자를 선정했다고 밝혔다. 올해 수상자는 △과학상에 최경수 고등과학원 수학부 교수 △교육상에...,https://www.straightnews.co.kr/news/articleView.html?idxno=295456,pos
2026-02-20 16:14,,포스코인터내셔널,"거래소 기관, 삼성전자 현대차 SK하이닉스 쓸어 담고 한화솔루션 미래에...","이 밖에 SK스퀘어, SK, SK이노베이션, 삼성전자우, 포스코인터내셔널 등으로 매수세가 확산됐다. 반면 기관은 성장주와 일부 소재·부품주에서는 매도 우위를 보였다. 한화솔루션, 미래에셋증권, 하이브, 이수페타시스...",https://www.pinpointnews.co.kr/news/articleView.html?idxno=430918,pos
2026-02-20 16:08,,포스코,"박대기, 포항시장 예비후보 등록… “포스코 살려 포항경제 재도약”",박 예비후보는 이날 “포항시장에 출마하는 이유는 포스코를 살리고 포항경제를 살리기 위해서”라며 “포스코 창업 1세대의 아들인 ‘철의 아들’ 박대기가...,http://www.breaknews.com/1186296,pos
2026-02-20 16:08,,POSCO INTERNATIONAL,"포스코청암재단, 제20회 포스코청암상 수상자 선정…상금 3억원으로 증...",번역에 오류가 있을 수 있음을 밝힙니다.> POSCO TJ Park Foundation Announces 20th POSCO TJ... His research findings were published in top international journals such as Acta Mathematica and Inventiones...,http://www.breaknews.com/1186280,pos
2026-02-20 16:06,,포스코,"포스코청암재단, 올해 '포스코청암상' 수상대상 선정…제정 20주년 맞아",포스코청암재단(이사장 장인화)이 제20회 포스코청암상 수상자를 선정했다. '포스코청암상'은 2007년 첫 시상을 시작으로 올해 제정 20주년을 맞이했다. 포스코청암재단은 20일 포스코센터에서 올해 첫 정기 이사회를...,http://www.snmnews.com/news/articleView.html?idxno=565481,pos
2026-02-20 15:58,,구동모터코어,'프리미엄 모델까지' 몸값 확 낮춘 전기차 온다…테슬라·BYD 이어 볼보도...,"이에 따라 EX30 코어 트림은 기존 4752만원에서 761만원 인하된 3991만원, EX30 울트라 트림과 EX30CC 울트라... EX30CC는 66㎾h NCM 배터리와 두 개의 모터를 결합한 사륜구동(AWD)의 트윈 모터 퍼포먼스 단일...",http://www.metroseoul.co.kr/article/20260220500158,pos
2026-02-20 15:54,,포스코,"포스코청암상, 상금 3억원으로 인상... 20주년 맞아",예우 강화 [시장경제=손유진 기자] 포스코청암재단 CI. 포스코청암재단이 포스코청암상 20주년을 맞아 올해 수상자 4명을 선정했다. 상금도 기존 2억원에서 3억원으로 올렸다. 포스코청암재단은 20일 서울...,https://www.meconomynews.com/news/articleView.html?idxno=128019,pos
2026-02-20 15:54,,포스코,"20주년 맞은 포스코청암재단, 제20회 포스코청암상 수상자 4명 선정","화이트페이퍼, WHITEPAPER왼쪽부터 포스코청암상을 수상하게 된 최경수 교수, 최연수 상임이사, 정기로 APS 대표 (사진=포스코홀딩스) 포스코청암재단이 제20회 포스코청암상 수상자 4명을 확정했다. 포스코청암재단은...",http://www.whitepaper.co.kr/news/articleView.html?idxno=258490,pos
2026-02-20 15:51,,포스코,"""부문별상금 2억→3억 증액"" 포스코청암재단, 20회 수상자발표",포스코청암재단 제20회 청암상(과학상)을 받은 최경수 고등과학원 수학부 교수. [사진 포스코] 포스코청암재단이 이사회를 열고 제20회 포스코청암상 수상자를 선정했다고 20일 밝혔다. 올해 수상자로 ▲과학상 최경수...,https://www.catchnews.kr/news/articleView.html?idxno=120842,pos
2026-02-20 15:41,,포스코,"철강불황속 포스코, 현대제철은 수익방어 성공....세아제강, 동국제강 ...",더트래커 김상년 snk0701@thetracker.co.kr 더트래커 = 김상년 기자철강업종의 부진한 업황 속에서도 포스코를... 국내 최대 종합 철강업체인 포스코도 작년 연결 매출은 2.4% 감소한 43.56조원에 그쳤지만 영업이익은 28.6...,https://thetracker.co.kr/View.aspx?No=3979562,pos
2026-02-20 15:40,연합뉴스,POSCO INTERNATIONAL,KOSPI 200 Closing Price List-1,"DN 7,000 POSCO INTERNATIONAL 75,300 UP 6,100 CJ CheilJedang 221,000 DN 1,500 Daewoong 27,850 UP 750 TaekwangInd 1,097,000 DN 14,000 HtlShilla 48,150 DN 450 Hanmi Science 42,550 DN 800 (MORE)",https://en.yna.co.kr/view/AEN20260220008200320?input=2106m,pos
2026-02-20 15:39,,포스코,포스코청암상 20주년…과학·교육·봉사·기술 이끈 4인 선정,과학·교육·봉사·기술 4개 부문 수상자 선정 상금 2억원→3억원 증액…20년간 72명 지원 포스코청암재단(이사장 장인화)이 제20회 포스코청암상 수상자를 확정하며 상금을 역대 최대 수준인 3억원으로 올렸다....,https://www.mk.co.kr/article/11967356,pos
2026-02-20 15:38,,포스코,"포스코청암재단, 제20회 '포스코청암상' 수상자 선정",포스코청암재단이 20일 포스코센터에서 이사회를 열고 제20회 포스코청암상 수상자를 선정했다. 올해 수상자로 △과학상에 최경수 고등과학원 수학부 교수 △교육상에 서울여자상업고등학교 △봉사상에 최연수...,http://www.enewstoday.co.kr/news/articleView.html?idxno=2396454,pos
2026-02-20 15:36,한국일보,포스코,올해 포스코청암상에 최경수 고등과학원 교수 등 선정,"포스코청암재단은 제20회 포스코청암상 수상자로 최경수 고등과학원 수학부 교수와 최연수 한빛청소년재단 상임이사, 그리고 정기로 APS 대표 등을 선정했다고 20일 밝혔다. 최경수 교수(왼쪽부터), 최연수 이사, 정기로...",https://weekly.hankooki.com/news/articleView.html?idxno=7150948,pos
2026-02-20 15:35,,포스코,20주년 맞은 포스코청암상···과학·교육·봉사·기술 부문 4인 수상자...,포스코청암재단이 제20회 포스코청암상 수상자를 확정했다고 20일 밝혔다. 올해로 제정 20주년을 맞은 포스코청암상은 과학·교육·봉사·기술 4개 부문에서 4명을 선정했다. 올해 수상자는 △과학상 최경수...,https://www.seoulfn.com/news/articleView.html?idxno=621684,pos
2026-02-20 15:34,,포스코,20주년 맞은 포스코청암상 '제20회 수상자 선정',"포스코청암재단이 20일 포스코센터에서 이사회를 열고 제20회 포스코청암상 수상자를 선정했다. 올해 수상자로 과학상에 최경수 고등과학원 수학부 교수, 교육상에 서울여자상업고등학교, 봉사상에 최연수...",https://www.econovill.com/news/articleView.html?idxno=730338,pos
2026-02-20 15:24,비즈니스플러스,포스코,20주년 맞은 포스코청암재단 포스코청암상…4개 부문 총 4명 수상자 선정,사진=포스코 청암재단 포스코청암재단(이사장 장인화)은 2월 20일 포스코센터에서 이사회를 열고 제20회 포스코청암상 수상자를 선정했다. 올해 수상자는 △과학상 최경수 고등과학원 수학부 교수 △교육상...,https://www.businessplus.kr/news/articleView.html?idxno=107632,pos
2026-02-20 15:20,,포스코,"포스코청암재단, 제20회 청암상 수상자 선정",포스코청암재단은 20일 포스코센터에서 이사회를 열고 제20회 포스코청암상 수상자를 선정했다고 밝혔다. 올해 수상자로 ▲과학상에 최경수 고등과학원 수학부 교수 ▲교육상에 서울여자상업고등학교 ▲봉사상에...,https://www.dailian.co.kr/news/view/1612426/?sc=Naver,pos
2026-02-20 15:20,코리아IT타임즈,포스코,"포스코청암재단, 제20회 포스코청암상 수상자 4인 선정",최경수 고등과학원 수학부 교수/ 포스코 제공 포스코청암재단은 20일 서울 포스코센터에서 이사회를 열고 제20회 포스코청암상 수상자를 확정했다. 올해 수상자는 ▲과학상 최경수 고등과학원 수학부 교수...,https://www.koreaittimes.com/news/articleView.html?idxno=151071,pos
2026-02-20 15:16,,포스코,포스코청암재단 포스코청암상…제20회 수상자 선정,"반도체, 디스플레이 핵심 공정 기술로 기술상을 수상한 정기로 ㈜APS대표이사 포스코청암재단이 20일 포스코센터에서 이사회를 열고 제20회 포스코청암상 수상자를 선정했다. 올해 수상자로 ▲과학상에 최경수...",https://www.ziksir.com/news/articleView.html?idxno=124490,pos
2026-02-20 15:16,,포스코,‘수학 난제 해결’ 젊은 수학자…포스코청암상 받았다,"포스코 창립자 청암 박태준 명예회장의 업적을 기리기 위해 설립된 포스코청암재단이 제20회 포스코청암상 수상자를 확정했다. 올해 수상자는 과학상 최경수 고등과학원 수학부 교수, 교육상 서울여자상업고등학교...",https://www.seoul.co.kr/news/peoples/2026/02/20/20260220500205?wlog_tag3=naver,pos
2026-02-20 15:12,,포스코,'20주년' 포스코청암상에 최경수 교수 등 4명 선정,포스코청암재단은 20일 포스코센터에서 이사회를 열고 제20회 포스코청암상 수상자로 ▲과학상에 최경수 고등과학원 수학부 교수 ▲교육상에 서울여자상업고등학교 ▲봉사상에 최연수 한빛청소년재단 상임이사...,https://www.getnews.co.kr/news/articleView.html?idxno=861883,pos
2026-02-20 15:08,,포스코,"포스코 이희근 사장, 홀딩스 이사회 합류... 확장 대신 수익 기반 다지...",포스코홀딩스가 정기 이사회를 통해 이사회 구성을 손질하면서 그룹 전략의 무게중심 변화 여부에 관심이... 지난 19일 포스코홀딩스는 이사회를 열고 이희근 포스코 대표이사 사장을 기타비상무이사 후보로 추천했습니다....,https://www.insight.co.kr/news/543687,pos
2026-02-20 15:08,,포스코,"포스코홀딩스 신임 사외이사 후보로 김주연 전 한국P&G 부회장 추천, 글...",포스코홀딩스가 신임 사외이사 후보로 글로벌 마케팅 전문가인 김주연 전 P&G일본·한국지역 부회장을 추천했다. 포스코그룹이 올해 포스코를 중심으로 한 철강 부문에서 해외 투자에 힘을 싣는 등 글로벌로 보폭을...,https://www.huffingtonpost.kr/news/articleView.html?idxno=242678,pos
2026-02-20 15:08,,포스코,지주사 이사회에 포스코 사장 합류... 확장 대신 수익 기반 다지기 들어...,포스코홀딩스가 정기 이사회를 통해 이사회 구성을 손질하면서 그룹 전략의 무게중심 변화 여부에 관심이... 지난 19일 포스코홀딩스는 이사회를 열고 이희근 포스코 대표이사 사장을 기타비상무이사 후보로 추천했습니다....,https://www.insight.co.kr/news/543687,pos
2026-02-20 15:08,,포스코,"포스코청암재단, 제20회 포스코청암상 수상자 선정",포스코청암재단이 2월 20일 포스코센터에서 이사회를 열고 제20회 포스코청암상 수상자를 선정했다. 올해 수상자로 △과학상에 최경수 고등과학원 수학부 교수 △교육상에 서울여자상업고등학교 △봉사상에 최연수...,http://www.wsobi.com/news/articleView.html?idxno=304988,pos
2026-02-20 15:08,에너지경제,포스코인터내셔널,‘자사주 소각 의무화’ 속도 내는 민주당…지주·금융주 리레이팅 기대,"교보증권은 자사주 소각 모멘텀이 기대되는 종목으로 고려아연, 포스코인터내셔널, SNT홀딩스, 쿠쿠홀딩스, KT&G, 삼성카드, NH투자증권을 꼽았다. 이어 정상휘 연구원은 “전통적인 고배당 업종이면서 기업 밸류업...",https://www.ekn.kr/web/view.php?key=20260220022001121,pos
2026-02-20 15:06,,포스코,"20주년 맞은 포스코청암재단 포스코청암상, 제20회 수상자 선정",포스코청암재단(이사장 장인화)이 2월 20일 포스코센터에서 이사회를 열고 제20회 포스코청암상 수상자를 선정했다. 올해 수상자로 ▲과학상에 최경수 고등과학원 수학부 교수 ▲교육상에 서울여자상업고등학교...,https://hbnpress.com/news/view/1065592949854867,pos
2026-02-20 15:04,에너지경제,포스코,"포스코청암재단, 제20회 청암상 수상자 선정",포스코청암재단은 서울 대치동 포스코센터에서 이사회를 열고 제20회 포스코청암상 수상자를 선정했다고 20일 밝혔다. 이사회는 올해 수상자로 △최경수 고등과학원 수학부 교수(과학상) △서울여자상업고등학교...,https://www.ekn.kr/web/view.php?key=20260220024431123,pos
2026-02-20 15:02,뉴스1,포스코,"포스코청암재단, 20회 포스코청암상 수상자에 최경수 교수 등 선정","포스코청암재단은 제20회 포스코청암상 수상자를 선정했다고 20일 밝혔다. 과학상에 최경수 고등과학원 수학부 교수, 교육상에 서울여자상업고등학교, 봉사상에 최연수 한빛청소년재단 상임이사, 기술상에 정기로 APS...",https://www.news1.kr/industry/general-industry/6077710,pos
2026-02-20 14:58,,포스코,"포스코청암재단, 포스코청암상···제20회 수상자 선정",포스코청암재단이 20일 포스코센터에서 이사회를 열고 제20회 포스코청암상 수상자를 선정했다. 올해 수상자로 ▲과학상에 최경수 고등과학원 수학부 교수 ▲교육상에 서울여자상업고등학교 ▲봉사상에 최연수...,http://www.koreastocknews.com/news/articleView.html?idxno=116862,pos
2026-02-20 14:52,,포스코,"포스코청암재단, 제20회 포스코청암상…최경수 교수 등 4명 수상",사진=포스코청암재단 제공 매일일보 = 김현우 기자 | 포스코청암재단은 20일 포스코센터에서 이사회를 열고 제20회 포스코청암상 수상자를 선정했다고 밝혔다. 올해 수상자로 △최경수 고등과학원 수학부 교수...,https://www.m-i.kr/news/articleView.html?idxno=1338845,pos
2026-02-20 14:52,뉴스핌,포스코,20주년 맞은 포스코청암상 수상자 선정...상금 3억으로 증액,포스코청암재단(이사장 장인화)이 2월 20일 포스코센터에서 이사회를 열고 제20회 포스코청암상 수상자를 선정했다. 올해 수상자로 ▲과학상에 최경수 고등과학원 수학부 교수 ▲교육상에 서울여자상업고등학교...,https://www.newspim.com/news/view/20260220000693,pos
2026-02-20 14:50,비즈니스코리아,POSCO INTERNATIONAL,Japan's U.S. Investments Pressure South Korea,"POSCO International signed a ""Heads of Agreement (HOA) for Strategic Partnership for Alaska LNG Project Development"" with the Alaska Gasline Development Corporation (AGDC), a government agency...",https://www.businesskorea.co.kr/news/articleView.html?idxno=263488,pos
2026-02-20 14:44,,포스코인터내셔널,포스코인터내셔널 9%대 급등·SK하이닉스 반등… 시총 상위주 '가치 제고...,20일 한국거래소에 따르면 이날 오후 2시41분 현재 자원 개발과 에너지 트레이딩을 하는 포스코인터내셔널은 미래 성장 전략과 주주환원을 결합한 계획이 호평받으며 현재 9.25% 급등한 7만 5600원에 거래 중이다....,https://www.pinpointnews.co.kr/news/articleView.html?idxno=430871,pos
2026-02-20 14:42,,포스코,"포스코홀딩스, 이사 후보 추천·자사주 2% 소각 의결…주총 상정",자사주 2%소각 결정…지난 2024년부터 3년간 총 6%(약 1.7조원) 소각 목표 완료해 주주환원정책 완수 김주연 SK이노베이션 사외이사./포스코홀딩스 포스코홀딩스는 지난 19일 포스코센터에서 정기 이사회를 열고 사내...,http://www.metroseoul.co.kr/article/20260220500089,pos
2026-02-20 14:36,아시아경제,포스코,"포스코청암재단, 제20회 포스코청암상 수상자 4인 선정","포스코청암재단이 20일 포스코센터에서 이사회를 열고 제20회 포스코청암상 수상자를 선정했다. 올해 수상자는 최경수 고등과학원 수학부 교수(과학상), 서울여자상업고등학교(교육상), 최연수 한빛청소년재단 상임이사...",https://view.asiae.co.kr/article/2026022014364754858,pos
2026-02-20 14:34,,포스코,"포스코청암재단, 제20회 수상자 선정",포스코청암재단이 20일 포스코센터에서 이사회를 열고 제20회 포스코청암상 수상자를 선정했다. 올해 수상자로 ▲과학상에 최경수 고등과학원 수학부 교수 ▲교육상에 서울여자상업고등학교 ▲봉사상에 최연수...,https://www.bizwork.co.kr/news/articleView.html?idxno=412682,pos
2026-02-20 14:33,,포스코,포스코청암상 20주년…과학·교육·봉사·기술 4인 영예,포스코청암재단은 올해 포스코청암상 수상자를 확정했다고 20일 밝혔다. 이 재단은 포스코 창립자 청암(靑巖) 박태준 명예회장의 업적을 기리기 위해 설립됐다. 올해로 제정 20주년을 맞은 포스코청암상은 과학·교육...,https://biz.chosun.com/industry/company/2026/02/20/UW372RLXCFEFLICGPERXJTNQ4E/?utm_source=naver&utm_medium=original&utm_campaign=biz,pos
2026-02-20 14:32,,포스코,"포스코청암재단, 청암상 수상자 선정","| 스마트비즈 = 이장혁 기자 | 포스코청암재단이 20일 포스코센터에서 이사회를 열고 제20회 포스코청암상 수상자를 선정했다고 20일 밝혔다. 올해 수상자는 과학상 최경수 고등과학원 교수, 교육상...",https://www.smartbizn.com/news/articleView.html?idxno=136356,pos
2026-02-20 14:28,,포스코,"포스코청암재단, 제20회 포스코청암상 수상자 선정",서울경제티브이 최동수 기자 포스코청암재단은 포스코센터에서 이사회를 열고 제20회 포스코청암상 수상자를 선정했다고 20일 밝혔다. 올해 수상자로 △과학상에 최경수 고등과학원 수학부 교수 △교육상에...,https://www.sentv.co.kr/article/view/sentv202602200108,pos
2026-02-20 14:24,,포스코,"포스코, 올해 자사주 2% 소각…3년간 1.7조 주주환원 완수",포스코홀딩스[005490]가 올해 자사주 2%를 소각한다. 총 6천351억원을 정리해 3개년간의 주주환원정책을 완수하려 한다. 20일 포스코홀딩스에 따르면 지난 2024년 7월 주주환원 강화 및 기업가치 향상을 목적으로 발표한...,https://news.einfomax.co.kr/news/articleView.html?idxno=4399581,pos
2026-02-20 14:24,,포스코,"""주주가치 극대화 지킨다""…장인화 회장, 불황에도 포스코 밸류업 총력","장인화 포스코그룹 회장이 주주가치 제고를 위해 약속했던 '3년간 자사주 소각'을 마무리한다. 20일 포스코홀딩스에 따르면 회사는 이사회를 열고 자사주 2% 소각을 의결했다. 소각 규모는 6351억원이며, 소각 예정일은...",https://www.ebn.co.kr/news/articleView.html?idxno=1700295,pos
2026-02-20 14:24,데일리한국,포스코,"포스코청암재단, 포스코청암상 수상자 선정",사진=포스코청암재단 제공 포스코청암재단은 포스코센터에서 이사회를 열고 제20회 포스코청암상 수상자를 선정했다고 20일 밝혔다. 올해 수상자로 △과학상에 최경수 고등과학원 수학부 교수 △교육상에...,https://daily.hankooki.com/news/articleView.html?idxno=1337666,pos
2026-02-20 14:22,파이낸셜포스트,포스코,"20돌 포스코청암재단 포스코청암상, 과학∙교육∙봉사∙기술 4개 부문 ...",포스코청암재단(이사장 장인화)이 20일 포스코센터에서 이사회를 열고 제20회 포스코청암상 수상자를 선정했다. 올해 수상자로 ▲과학상에 최경수 고등과학원 수학부 교수 ▲교육상에 서울여자상업고등학교...,https://www.financialpost.co.kr/news/articleView.html?idxno=248597,pos
2026-02-20 14:20,중소기업신문,포스코,제20회 포스코청암상 수상자 선정…위상수학 난제 해결 최경수 고등과학...,포스코청암상을 수상한 최경수 고등과학원 수학부 교수. 사진/포스코그룹 포스코청암재단이 20일 포스코센터에서 이사회를 열고 제20회 포스코청암상 수상자를 선정했다. 올해 수상자로 ▲과학상에 최경수...,http://www.smedaily.co.kr/news/articleView.html?idxno=351829,pos
2026-02-20 14:19,더팩트,포스코,"포스코청암재단, 제20회 포스코청암상 수상자 선정","기존 상금 2억원에서 3억원으로 증액 20년간 72명 선정, 총 142억원 지원 포스코청암재단은 20일 포스코센터에서 이사회를 열고 제20회 포스코청암상 수상자를 선정했다고 밝혔다. 올해 수상자로 △과학상 최경수...",https://news.tf.co.kr/read/economy/2294495.htm,pos
2026-02-20 14:18,이코노미톡뉴스,포스코,"""제20회 포스코청암상 발표"" 과학·교육·봉사·기술 4개 부문 수상자 선...",포스코청암재단이 제20회 포스코청암상 수상자를 발표했다. 올해 수상자는 ▲과학상 최경수 고등과학원 교수 ▲교육상 서울여자상업고등학교 ▲봉사상 최연수 한빛청소년재단 상임이사 ▲기술상 정기로 APS 대표 등...,http://www.economytalk.kr/news/articleView.html?idxno=418059,pos
2026-02-20 14:18,,포스코,포스코청암상 20주년··· 상금 3억으로 증액,포스코청암재단이 포스코청암상 제정 20주년을 맞아 제20회 수상자를 선정하고 상금 규모를 확대했다. 포스코청암재단(이사장 장인화)은 20일 서울 포스코센터에서 이사회를 열고 과학·교육·봉사·기술 등 4개 부문...,https://www.kbmaeil.com/article/20260220500110,pos
2026-02-20 14:12,,포스코,"'20주년' 포스코청암재단 포스코청암상, 수상자 선정",포스코청암재단은 20일 포스코센터에서 이사회를 열고 제20회 포스코청암상 수상자를 선정했다고 밝혔다. 올해 수상자로 △과학상에 최경수 고등과학원 수학부 교수 △교육상에 서울여자상업고등학교 △봉사상에...,http://www.newsprime.co.kr/news/article.html?no=724854,pos
2026-02-20 14:11,헤럴드경제,포스코,"포스코청암재단, ‘제20회 포스코청암상’ 수상자 선정","제20회 포스코청암상 과학상 수상자 최경수 고등과학원 수학부 교수(왼쪽 위부터 시계방향), 교육상을... [포스코청앰재단 제공] [헤럴드경제=서재근 기자] 포스코청암재단이 포스코센터에서 이사회를 열고 제20회...",https://biz.heraldcorp.com/article/10679181?ref=naver,pos
2026-02-20 14:08,뉴스락,포스코,위상수학 난제 해결·취업률 100% 교육…포스코청암상 4인 선정,포스코청암재단이 이사회를 열고 제20회 포스코청암상 수상자를 선정했다고 20일 밝혔다. 이날 포스코센터에서 열린 이사회에서 올해 수상자로 ▲과학상에 최경수 고등과학원 수학부 교수 ▲교육상에...,http://www.newslock.co.kr/news/articleView.html?idxno=125604,pos
2026-02-20 14:08,,포스코,제20회 포스코청암상에 최경수 교수 등 4명,포스코청암재단이 20일 포스코센터에서 이사회를 열고 제20회 포스코청암상 수상자를 선정했다. 주인공은 △과학상 최경수 고등과학원 수학부 교수 △교육상 서울여자상업고등학교 △봉사상 최연수 한빛청소년재단...,https://www.sedaily.com/article/20010634?ref=naver,pos
2026-02-20 14:08,더퍼블릭,포스코인터내셔널,코스피 상승에 배당주 관심 '집중'…'벚꽃 배당' 기업은 어디?,"배당 기준일이 3월인 배당소득세 인하 기업으로는 레드캡투어, 디어유, 풍산홀딩스, 세아베스틸지주, SK가스, 고영, GKL, 포스코퓨처엠, 현대글로비스, LG전자, LG, 포스코인터내셔널, LIG넥스원, 아모레퍼시픽, LS...",https://www.thepublic.kr/news/articleView.html?idxno=294889,pos
2026-02-20 14:06,,포스코,"포스코청암재단, '제 20회 포스코청암상' 수상자 선정",|중앙이코노미뉴스 송태원 기자|과학상을 받은 최경수 고등과학원 수학부 교수.[사진=포스코청암재단] 포스코청암재단(이사장 장인화)이 2월 20일 포스코센터에서 이사회를 열고 제20회 포스코청암상 수상자를...,https://www.joongangenews.com/news/articleView.html?idxno=496732,pos
2026-02-20 14:06,,포스코,"포스코청암재단, 제20회 청암상 수상자 선정…상금 3억원 증액",포스코청암재단이 제20회 포스코청암상 수상자를 선정했다. 제정 20주년을 맞아 부문별 상금을 3억원으로 증액하며 수상자 예우도 한층 강화했다. 20일 포스코청암재단에 따르면 재단은 이날 서울 포스코센터에서...,https://www.mydaily.co.kr/page/view/2026022014044921321,pos
2026-02-20 14:06,이데일리,포스코,포스코청암상 과학상에 최경수 고등과학원 교수 선정,포스코청암재단이 올해 포스코청암상 과학상 수상자에 위상수학적 난제를 독창적으로 해결해온 젊은 수학자 최경수 고등과학원 수학부 교수를 선정했다. 올해 포스코청암상 과학상 수상자로 선정된 최경수 고등과학원...,http://www.edaily.co.kr/news/newspath.asp?newsid=04103286645352488,pos
2026-02-20 14:06,이투데이,포스코,제20회 포스코청암상에 최경수 KIAS 교수 등 4명,이투데이=김민서 기자 | 과학∙교육∙봉사∙기술 4개 부문 선정…상금 2억원에서 3억원으로 증액 포스코청암재단은 서울 강남구 포스코센터에서 이사회를 열고 제20회 포스코청암상 수상자를 선정했다고 20일 밝혔다....,https://www.etoday.co.kr/news/view/2557868,pos
2026-02-20 13:52,데일리한국,포스코인터내셔널,벚꽃배당주 담아 보세요...2·3월 매수하면 짭짤 분리과세주 주목,배당 기준일이 3월인 배당소득세 인하 기업은 △레드캡투어 △디어유 △풍산홀딩스 △세아베스틸지주 △SK가스 △고영 △GKL △포스코퓨처엠 △현대글로비스 △LG전자 △LG △포스코인터내셔널 △LIG넥스원...,https://daily.hankooki.com/news/articleView.html?idxno=1337608,pos
2026-02-20 13:40,,포스코인터,"안정적 수익에 성장성 더했다… DB, IT 서비스 영토 무한 확장 중","스마트 물류의 포스코DX와 전장 IT의 현대오토에버, 리테일 테크의 카페24, 핀테크 보안의 헥토파이낸셜과 헥토이노베이션도 하락하며 고전 중이다. 이 밖에도 인터로이드, 에스투더블유, 미디어젠, 피아이이...",https://www.pinpointnews.co.kr/news/articleView.html?idxno=430846,pos
2026-02-20 13:22,동아일보,포스코,"포스코, 글로벌 원료사 CBMM과 광양·포항 산단 ‘안전 인프라’ 보강",실천” 포스코가 글로벌 원료 공급업체인 CBMM과 함께 조성한 기금을 활용해 광양과 포항 국가산업단지의 안전 인프라를 획기적으로 개선했다고 20일 밝혔다. 이번 사업은 포스코가 원료 공급사와 1:1 매칭 방식으로...,https://sports.donga.com/region/article/all/20260220/133387913/1,pos
2026-02-20 13:16,,포스코,POSCO홀딩스(포스코홀딩스) 주가 2%↑…40만원선 노크 여부는?,포스코홀딩스 자료사진. POSCO홀딩스(포스코홀딩스) 주가가 20일 장에서 오름세를 보이고 있다. POSCO홀딩스는 20일 오후 1시 12분 현재 39만8000원에 거래되고 있다. 전일 종가대비 9000원(+2.31%) 오른 것이다. 현재...,https://www.cbci.co.kr/news/articleView.html?idxno=556718,pos
2026-02-20 13:08,,포스코,"""포스코퓨처엠, 하반기 점진적 개선 전망… 비중국 음극재 가치 부각"" -...","현대차증권은 20일 포스코퓨처엠이 상반기 실적 부진을 딛고 하반기부터 점진적인 회복세에 진입할 것으로... 강동진 연구원은 포스코퓨처엠의 실적 흐름에 대해 ""상반기 실적은 GM향 물량 축소로 부진하겠으나...",http://www.biztribune.co.kr/news/articleView.html?idxno=349141,pos
2026-02-20 13:04,,구동모터코어,"""수입 전기 SUV 3000만원대""…볼보 EX30, 761만원 인하","트림별로 보면 EX30 코어(Core)는 기존 4752만원에서 761만원 인하된 3991만원으로 책정됐다. 울트라(Ultra)... EX30CC는 듀얼 모터 사륜구동(AWD) 모델로 최고출력 428마력, 최대토크 55.4kg·m의 성능을 발휘한다. 정지...",http://www.shinailbo.co.kr/news/articleView.html?idxno=2193819,pos
2026-02-20 12:54,,포스코,포스코·현대제철 ‘더 비싼’ 美 철강 시장에서 성공할 수 있을까,"‘더 비싼’ 미국 철강 시장에 진출하는 포스코와 현대제철이 관세 장벽을 극복하고 안착에 성공할 수... 현대제철이 미국에 일관제철소를 건설하고, 포스코가 현대제철과 미국 철강업체인 클리블랜드 클리퍼스 등에...",http://www.thebigdata.co.kr/view.php?ud=202602201223352735570d99e4c8_23,pos
2026-02-20 12:32,,포스코,"포스코홀딩스, 사내외이사 후보 추천 및 자사주 2% 소각",민주신문=김혜인 기자｜포스코홀딩스는 포스코센터에서 정기 이사회를 열고 사내외이사 후보 추천과 자사주 2% 소각 안건을 의결했다고 20일 밝혔다. 이사회는 사외이사 후보로 김주연을 추천하고 김준기 이사를...,http://www.iminju.net/news/articleView.html?idxno=158502,pos
2026-02-20 12:22,,포스코,"포스코홀딩스, 사외이사에 김주연 前 P&G부회장... 자사주 매년 2% 소각",배당 1만원 유지 [시장경제=손유진 기자] 포스코홀딩스 CI. 포스코홀딩스가 이사회 재편과 자사주 소각을 동시에 추진한다. 주주환원 정책을 마무리하면서 경영 전문성도 보강한다는 구상이다. 포스코홀딩스는 19일 서울...,https://www.meconomynews.com/news/articleView.html?idxno=128009,pos
2026-02-20 12:03,,포스코,"포스코, CBMM·산단공과 손잡고 포항·광양 산단 안전 인프라 개선","포스코가 주요 원료 공급사인 브라질 CBMM, 한국산업단지공단과 협력해 포항·광양 국가산업단지의 안전 인프라 개선 사업을 마무리했다. 이번 사업은 포스코와 CBMM이 공동 조성한 5만 달러 규모의 'GEM 매칭 펀드(GEM...",http://www.enewstoday.co.kr/news/articleView.html?idxno=2396350,pos
2026-02-20 12:01,이데일리,포스코인터내셔널,자사주 소각 약속 지킨 포스코홀딩스…사업재편도 속도 낼까,지난해 12월 포스코인터내셔널은 알래스카 정부 산하 가스라인 개발공사(AGDC)와 함께 이 프로젝트에 민간 투자자로 참여한 에너지 기업 글렌파른과 ‘알래스카 LNG 프로젝트 개발을 위한 전략적 파트너십 기본합의서(HOA)...,http://www.edaily.co.kr/news/newspath.asp?newsid=03896646645352488,pos
2026-02-20 11:46,더퍼블릭,포스코인터내셔널,"원자재 넘어 '안보 자산' 평가받는 희토류, 정부 '자립화' 시동…현대차...","그동안 포스코인터내셔널, LX인터내셔널 등 우리 기업들은 해외에서 외로운 사투를 벌여야 했다. 국가적 지원 체계가 미비해 해외자원개발 리스크를 기업이 오롯이 짊어져야 했기 때문이다. 이에 정부는 과거 부실 경영과...",https://www.thepublic.kr/news/articleView.html?idxno=294849,pos
2026-02-20 11:28,동아일보,포스코,"포스코홀딩스, ‘글로벌 전문가’ 영입·자사주 소각… 주주가치 제고 ...","유지 포스코홀딩스가 이사회 재편과 대규모 자사주 소각을 통해 지배구조 안정과 주주환원 강화에 나선다. 포스코홀딩스는 19일 정기 이사회를 열고 사내·사외이사 후보 추천과 자사주 소각 안건 등을 의결, 오는 3월...",https://sports.donga.com/region/article/all/20260220/133386822/1,pos
2026-02-20 11:26,헤럴드경제,포스코인터내셔널,"대미투자, 日보다 늦을수록 청구서 눈덩이…내달 19일 마지노선",포스코인터내셔널은 지난해 12월 알래스카 정부 산하 가스라인 개발공사(AGDC)와 ‘알래스카 LNG 프로젝트 개발을 위한 전략적 파트너십 기본합의서(HOA)’를 체결했다. HOA에서 포스코인터내셔널은 연간 100만톤 규모의...,https://biz.heraldcorp.com/article/10679047?ref=naver,pos
2026-02-20 11:06,,구동모터코어,"볼보, 전기 SUV 최대 761만 원 내렸다…3천만 원대 구매 가능","이번 가격 조정에 따라 EX30 코어 트림은 기존 4,752만 원에서 761만 원 인하된 3,991만 원(친환경차 세제... EX30CC는 동일한 66㎾h 배터리에 듀얼 모터를 결합한 사륜구동(AWD) 트윈 모터 퍼포먼스 모델이다. 최고출력...",https://www.thedrive.co.kr/news/newsview.php?ncode=1065578580563271,pos
2026-02-20 11:01,헤럴드경제,포스코인터내셔널,일본보다 대미투자 늦을수록 청구서 커진다…내달 19일이전 확정해야,포스코인터내셔널은 지난해 12월 알래스카 정부 산하 가스라인 개발공사(AGDC)와 ‘알래스카 LNG 프로젝트 개발을 위한 전략적 파트너십 기본합의서(HOA)’를 체결했다. HOA에서 포스코인터내셔널은 연간 100만톤 규모의...,https://biz.heraldcorp.com/article/10678983?ref=naver,pos
2026-02-20 11:00,,구동모터코어,"볼보자동차, 3000만원대 프리미엄 전기 SUV 시대...EX30 라인업 대폭 인...","볼보자동차코리아는 프리미엄 순수 전기 SUV 'EX30'과 'EX30 코어 컨트리'(이하 EX30CC)의 판매 가격을... EX30CC는 66kWh NCM 배터리에 트윈 모터 퍼포먼스 AWD(4륜구동) 시스템을 적용했다. 최고출력 428마력, 최대토크...",http://www.updownnews.co.kr/news/articleView.html?idxno=316287,pos
2026-02-20 10:49,,포스코,"포스코홀딩스, 정기 이사회 개최",이사진 개편·자사주 소각 의결...주주환원 정책 지속 포스코홀딩스가 정기 이사회를 열고 사내외 이사 후보 추천과 자사주 소각을 의결하며 이사회 재편과 주주환원 정책 이행에 속도를 낸다. 포스코홀딩스는 19일 서울...,https://www.pressian.com/pages/articles/2026022010092064775?utm_source=naver&utm_medium=search,pos
2026-02-20 10:47,,포스코인터내셔널,"""봄 바람 불면 배당주...배당주 투자 아직 안 늦어""",배당 기준일이 3월인 배당소득세 인하 기업은 △레드캡투어 △디어유 △풍산홀딩스 △세아베스틸지주 △SK가스 △GKL △포스코퓨처엠 △현대글로비스 △LG전자 △LG △포스코인터내셔널 △LIG넥스원 △아모레퍼시픽...,http://www.fnnews.com/news/202602201019550224,pos
2026-02-20 10:44,,구동모터코어,"""수입 전기 SUV를 3000만원대에"" 볼보자동차코리아, EX30 등 최대 761만원...",EX30 코어 트림은 기존 4752만원에서 761만원 인하된 3991만원으로 책정됐다. 울트라 트림은 700만원 인하된... EX30 크로스컨트리는 66kWh NCM 배터리와 듀얼 모터 사륜구동 시스템을 결합한 트윈 모터 퍼포먼스 단일...,https://www.econovill.com/news/articleView.html?idxno=730297,pos
2026-02-20 10:40,,포스코인터내셔널,"포스코인터내셔널 주가, 2월 20일 장중 77,300원 11.70% 상승","20일 오전 10시 23분 기준, 네이버페이 증권에 따르면 포스코인터내셔널의 주가가 상승세를 보이며 현재 77,300원에 거래되고 있다. 이는 지난 종가인 69,200원 대비 8,100원, 약 11.70% 오른 가격이다. 69,800원으로...",https://www.topstarnews.net/news/articleView.html?idxno=15978296,pos
2026-02-20 10:38,,포스코,"포스코홀딩스, 이사 후보 추천·자사주 2% 소각…3년간 6% 주주환원 마침...",환원 포스코홀딩스가 정기 이사회를 열고 이사 후보 추천 및 자사주 소각 안건을 의결했다. 사진은 서울 포스코센터 전경. [사진=연합뉴스] [뉴스투데이=박상미 기자] 포스코홀딩스가 정기 이사회를 열고 사내·사외이사...,https://www.news2day.co.kr/article/20260220500141,pos
2026-02-20 10:38,,구동모터코어,"판 커지는 AI 피지컬 시장 … K-철강, 불황 속 블루오션 찾나",감속기·관절축·모터 코어 등 핵심 구동 부품에 고강도·고내구 특수강과 전기강판이 필수적으로 쓰이기 때문이다. 건설·조선 중심이던 철강 수요 구조가 로봇·자동화 설비로 다변화될 수 있다는 분석이 나온다. 20일...,https://biz.newdaily.co.kr/site/data/html/2026/02/20/2026022000106.html,pos
2026-02-20 10:36,,포스코,K철강 3년째 역성장…포스코·현대제철만 수익성 방어,20일 금융감독원 전자공시에 따르면 지난해 포스코·현대제철·동국제강·세아제강 등 주요 철강사 매출... 포스코 매출은 43조5591억원으로 2.4% 감소했지만 영업이익은 2조2267억원으로 28.6% 늘었다. 원가 절감과 고부가...,https://www.widedaily.com/news/articleView.html?idxno=289003,pos
2026-02-20 10:34,한국일보,포스코,"포스코홀딩스, 사내이사 후보 정석모 본부장 추천…6300억원 자사주 소...",서울 강남구 포스코센터 전경. 사진=포스코그룹 포스코홀딩스가 새로운 사내이사 후보로 정석모 사업시너지본부장을 추천했다. 또 6300억원 규모의 자사주 소각하며 주주환원 정책 강화에 나선다. 20일 관련업계에...,https://weekly.hankooki.com/news/articleView.html?idxno=7150893,pos
2026-02-20 10:24,,구동모터코어,"볼보, EX30 가격 761만원 인하…""3천만원대 수입 전기 SUV""","코어 3991만원…보조금 적용 시 3600만원대 볼보는 국내에서 코어(Core), 울트라(Ultra), 크로스컨트리(CC)... EX30 CC, 428마력 AWD…3.7초 가속 볼보 EX30 CC는 듀얼 모터 기반 사륜구동(AWD) 시스템을 얹는다. 최고출력...",https://www.greened.kr/news/articleView.html?idxno=337113,pos
2026-02-20 10:18,,미얀마 LNG,"가스 터빈이 굴러간다… 두산에너빌리티·비에이치아이, 전력 수요 폭발...",현재 미얀마 가스전 운영 경험과 북미 셰일가스 지분 투자 이력을 보유하고 있다. 한국거래소에 따르면... 셰일가스를 액화해 실어 나르는 LNG선의 핵심 소재인 보냉재를 생산하는 한국카본은 4.76% 상승한 3만 8500원에...,https://www.pinpointnews.co.kr/news/articleView.html?idxno=430785,pos
2026-02-20 10:16,,포스코인터내셔널,[철의 전쟁 2.0] 철강 집중 대신 3강 체제 택한 포스코,"포스코홀딩스와 포스코인터내셔널을 통해 리튬 염호 등을 확보하고, 포스코퓨처엠이 이를 활용해 양·음극재를 생산하는 수직계열화 구조를 구축했다. 포스코그룹이 2022년 지주사 체제 전환 이후 제시했던 7대 핵심...",https://news.einfomax.co.kr/news/articleView.html?idxno=4399522,pos
2026-02-20 10:02,,구동모터코어,"수입차까지 이어지는 '테슬라 파동'… 볼보, EX30 최대 '761만 원' 인하","◆ 코어 트림 761만 원, 울트라 트림 700만 원 공식 인하 친환경차 세제 혜택이 적용된 트림별 판매가는... 브랜드 최초의 전기 크로스컨트리 모델인 EX30CC는 사륜구동 트윈 모터 퍼포먼스를 장착했다. 최고...",https://www.wikitree.co.kr/articles/1119414,pos
2026-02-20 09:54,,구동모터코어,볼보도 가격인하 … EX30 최대 761만원 내린다,"엔트리 트림인 EX30 코어는 3000만원대 파격적인 가격으로 책정, 프리미엄 수입 전기차 시장의 문턱을... EX30 CC는 66kWh NCM 배터리와 두 개의 모터를 결합한 사륜구동(AWD)의 트윈 모터 퍼포먼스 단일...",https://biz.newdaily.co.kr/site/data/html/2026/02/20/2026022000069.html,pos
2026-02-20 09:53,,구동모터코어,볼보 순수 전기 SUV ‘EX30’ 등 최대 761만 원↓,특히 엔트리 트림인 EX30 코어의 경우 3000만 원대의 파격적인 가격으로 책정됐다. 볼보차코리아는 EX30의... EX30CC는 66kWh NCM 배터리와 두 개의 모터를 결합한 사륜구동(AWD)의 트윈 모터 퍼포먼스 단일...,https://www.busan.com/view/busan/view.php?code=2026022009492551178,pos
2026-02-20 09:50,,포스코인터내셔널,"[52주] 최고가 119개, 최저가 32개...코스피 5700 돌파","1% 5,190 ★★★ 47 포스코인터내셔널 71,200 ▲2.9% 71,900 ★★★ 48 현대건설 127,800 ▲2.8% 128,100 ★ 49 네오티스 15,690 ▲2.8% 16,500 ★★ 50 케어젠 149,300 ▲2.8% 149,400 ★★★ 51...",https://www.itooza.com/common/iview.php?no=2026022009340104474,pos
2026-02-20 09:48,,구동모터코어,"전기 SUV도 ‘가성비’…볼보 EX30, 3천만원대",(사진=볼보코리아) 이에 따라 EX30 코어 트림은 기존 4752만원에서 3991만원으로 761만원 인하됐습니다.... EX30CC는 66㎾h 니켈코발트망간(NCM) 배터리와 두 개의 모터를 결합한 사륜구동(AWD)의 트윈 모터 퍼포먼스...,http://www.newstomato.com/ReadNews.aspx?no=1291874&inflow=N,pos
2026-02-20 09:34,뉴스1,구동모터코어,"볼보차코리아, 소형 전기 SUV 'EX30'·'EX30 CC' 최대 761만원↓","이에 따라 EX30 코어 트림은 기존 4752만 원에서 761만 원 인하된 3991만 원, EX30 울트라 트림과 EX30CC... EX30CC는 66㎾h NCM 배터리와 두 개의 모터를 결합한 사륜구동(AWD)의 트윈 모터 퍼포먼스 단일 파워트레인으로...",https://www.news1.kr/industry/auto-industry/6077218,pos
2026-02-20 09:19,아시아경제,구동모터코어,"볼보, 전기 SUV 'EX30'·'EX30CC' 최대 761만원 인하","엔트리 트림인 EX30 코어는 3000만원대 파격적인 가격으로 책정, 프리미엄 수입 전기차 시장의 문턱을... EX30 CC는 66kWh NCM 배터리와 두 개의 모터를 결합한 사륜구동(AWD)의 트윈 모터 퍼포먼스 단일...",https://view.asiae.co.kr/article/2026022009194740529,pos
2026-02-20 09:18,,구동모터코어,"볼보자동차코리아, 전기차 'EX30' 및 'EX30CC' 최대 761만원 인하","서울시 기준 보조금을 반영하면 EX30 코어는 3,670만 원, 울트라는 4,158만 원에 구매 가능하며, EX30CC... 사륜구동 방식인 EX30CC는 트윈 모터 퍼포먼스 파워트레인을 통해 428마력의 출력과 3.7초의 0-100km/h을...",https://www.starnewskorea.com/business-life/2026/02/20/2026022009105965152,pos
2026-02-20 08:58,스마트투데이,포스코,"포스코퓨처엠, 에코프로 멀티플 받아야겠지...목표가 27.4만원↑-현대차...",포스코퓨처엠 음극재 공장 모습 |스마트투데이=김세형 기자| 현대차증권은 20일 포스코퓨처엠 목표주가를 종전 14만5000원에서 27만4000원으로 근 두 배 가까이 끌어올렸다. 최근 급등한 에코프로비엠과 엘앤에프의...,https://www.smarttoday.co.kr/ko-kr/articles/103463,pos
2026-02-20 08:58,이코노미톡뉴스,포스코,"""이사회 개편·자사주 소각 추진"" 포스코홀딩스, 신임 이사 후보 추천·...",포스코홀딩스가 19일 정기 이사회를 열고 사내·사외·기타비상무이사 후보 추천과 자사주 2% 소각을... 이희근 포스코 대표이사 사장은 기타비상무이사 후보로 이름을 올렸다. 김주연 후보는 글로벌 경영·마케팅...,http://www.economytalk.kr/news/articleView.html?idxno=418024,pos
2026-02-20 08:58,,포스코,"포스코홀딩스, 사내외 이사 후보 추천·자사주 2% 소각 의결",포스코홀딩스가 19일 포스코센터에서 정기 이사회를 열고 신임 사외이사 후보로 김주연 전 P&G 일본·한국지역 부회장을 추천하는 등 사내외이사 후보 추천 건과 자사주 2% 소각건을 정기주주총회 안건으로 부의키로...,https://www.getnews.co.kr/news/articleView.html?idxno=861823,pos
2026-02-20 08:56,,포스코,"포스코퓨처엠, 하반기 실적 점진 개선 전망…목표가↑-현대차",현대차증권이 포스코퓨처엠에 대해 하반기 실적 점진 개선이 기대된다며 목표가를 27만4000원으로 상향 조정한다고 20일 밝혔다. 기존 목표가는 14만5000원. 전일 장마감 기준 포스코퓨처엠 주가는 23만4500원으로...,https://www.mt.co.kr/stock/2026/02/20/2026022008414183125,pos
2026-02-20 08:56,,포스코,"포스코홀딩스, 사내외 이사 후보 추천...자사주 2% 소각 의결",포스코홀딩스는 지난 19일 포스코센터에서 정기 이사회를 열고 사내외이사 후보 추천 건과 자사주 소각건을 정기주주총회 안건으로 부의키로 의결했다고 20일 밝혔다. 포스코홀딩스 이사회 산하 이사후보추천위원회는...,http://www.popcornnews.net/news/articleView.html?idxno=112591,pos
2026-02-20 08:54,,포스코,"포스코홀딩스, 사내외 이사 후보 추천 및 자사주 6351억원 소각 결정",| 스마트비즈 = 이장혁 기자 | 포스코홀딩스가 19일 포스코센터에서 정기 이사회를 열고 사내외이사 후보 추천과 자사주 소각 안건을 정기주주총회에 상정하기로 의결했다고 밝혔다. 이사회 산하 이사후보추천위원회는...,https://www.smartbizn.com/news/articleView.html?idxno=136284,pos
2026-02-20 08:52,,포스코,"포스코, 아르헨티나 '살 데 오로' 탄산리튬 공장 2026년 준공… 글로벌...","한국의 포스코(POSCO)가 아르헨티나 '리튬 삼각지대'의 핵심 거점인 살 데 오로(Sal de Oro) 사업을 통해 글로벌... 19일(현지시각) 에너지 전문 매체 디스커버리 얼럿 보도에 따르면, 포스코는 살타 주 살라르 델 옴브레...",https://www.g-enews.com/view.php?ud=2026022008484567820c8c1c064d_1,pos
2026-02-20 08:40,파이낸셜포스트,포스코,"포스코홀딩스, 사내외이사 후보 확정…자사주 2% 소각",포스코홀딩스는 19일 서울 강남 포스코센터에서 정기 이사회를 열고 사내외이사 후보 추천건과 자사주 소각건을 정기주주총회 안건으로 부의키로 의결했다고 20일 밝혔다. 포스코홀딩스 이사회 산하...,https://www.financialpost.co.kr/news/articleView.html?idxno=248527,pos
2026-02-20 08:40,,포스코,"포스코퓨처엠, 흑연 규제 반사 수혜 기대…목표주가↑",현대차증권은 20일 포스코퓨처엠(003670)에 대해 미국발 흑연 규제 수혜와 하반기 실적 회복이 기대된다며 목표주가를 기존 14만5000원에서 27만4000원으로 상향 조정했다. 투자의견은 '매수'를 유지했다 포스코퓨처엠의...,http://www.newsprime.co.kr/news/article.html?no=724784,pos
2026-02-20 08:39,,포스코,"포스코홀딩스, 신임 사외이사 후보에 김주연 전 한국P&G부회장",포스코홀딩스는 19일 포스코센터에서 정기 이사회를 열고 사내외이사 후보 추천 건과 자사주 소각 건을 정기주주총회 안건으로 부의하기로 의결했다. 먼저 포스코홀딩스 이사회 산하 이사후보추천위원회는 신임...,https://www.dailian.co.kr/news/view/1612171/?sc=Naver,pos
2026-02-20 08:36,데일리한국,포스코,"포스코홀딩스, 사내외 이사 후보 추천…전문성 강화",사진=포스코홀딩스 제공 포스코홀딩스는 포스코센터에서 정기 이사회를 열고 사내외이사 후보 추천 건과 자사주 소각건을 정기주주총회 안건으로 부의하기로 의결했다고 20일 밝혔다. 포스코홀딩스 이사회 산하...,https://daily.hankooki.com/news/articleView.html?idxno=1337401,pos
2026-02-20 08:34,이데일리,포스코인터내셔널,배당주 투자 안 늦었다…지금 매수할 분리과세 수혜주는,배당 기준일이 3월인 배당소득세 인하 기업으로는 △레드캡투어 △디어유 △풍산홀딩스 △세아베스틸지주 △SK가스 △고영 △GKL △포스코퓨처엠 △현대글로비스 △LG전자 △LG △포스코인터내셔널 △LIG넥스원...,http://www.edaily.co.kr/news/newspath.asp?newsid=02952006645352488,pos
2026-02-20 08:32,,포스코,"포스코홀딩스, 자사주 2% 소각 의결...6351억원 규모",kr 더트래커 = 김가영 기자포스코홀딩스가 정기 이사회를 열고 사내외이사 후보 추천 건과 자사주 소각건을 정기주주총회 안건으로 부의키로 의결했다고 20일 밝혔다. 포스코홀딩스 이사회 산하 이사후보추천위원회는...,https://thetracker.co.kr/View.aspx?No=3978957,pos
2026-02-20 08:28,,포스코,"""3년간 '1.7조' 돌려드릴게요"" 포스코홀딩스, 자사주 6351억 소각",포스코홀딩스가 주주환원을 위해 자사주 2%(약 6351억원)을 소각하기로 결정했다. 3년에 걸쳐 총 1조7176억원에 해당하는 주주환원 정책을 추진한다는 방침이다. 포스코홀딩스는 정기이사회를 열고 이같은 내용의...,https://www.catchnews.kr/news/articleView.html?idxno=120814,pos
2026-02-20 08:28,,포스코,"포스코홀딩스, 이사 후보 추천·자사주 2% 소각… 주주환원 강화",포스코홀딩스는 지난 19일 포스코센터에서 정기 이사회를 열고 사내외이사 후보 추천 건과 자사주 소각건을 정기주주총회 안건으로 부의하기로 결정했다고 20일 밝혔다. 포스코홀딩스 이사회 산하...,http://www.seoulwire.com/news/articleView.html?idxno=707370,pos
2026-02-20 08:20,,포스코,"포스코홀딩스, 사내외이사 후보 추천·자사주 2% 소각…3년간 1조7000억 ...","포스코홀딩스가 사내외이사 후보를 새로 추천하고 자사주 2%를 소각한다. 3년간 총 6% 자사주 소각 계획을 마무리하며 약 1조7000억원 규모의 주주환원 약속을 이행한다. 20일 포스코홀딩스에 따르면, 19일 서울...",http://www.shinailbo.co.kr/news/articleView.html?idxno=2193671,pos
2026-02-20 08:18,,포스코,"포스코홀딩스, 이사회 재편·자사주 2% 소각 의결…3년간 1.7조원 주주환...",구축 포스코 홀딩스 사옥 [사진=연합뉴스] [포항(경북)/뉴스투데이=박정한 기자] 포스코홀딩스가 정기 이사회를 열고 사내외 이사 후보 추천과 자사주 2% 소각을 의결하며 이사회 재편과 주주환원 정책 마무리에 나섰다....,https://www.news2day.co.kr/article/20260220500020,pos
2026-02-20 08:14,중소기업신문,포스코,포스코홀딩스 자사주 2% 소각…정기주총 안건 선정,포스코홀딩스 CI. 사진/포스코홀딩스 포스코홀딩스가 포스코센터에서 정기 이사회를 열고 사내외이사 후보 추천 건과 자사주 소각건을 정기주주총회 안건으로 부의키로 의결했다. 20일 포스코홀딩스에 따르면 지난...,http://www.smedaily.co.kr/news/articleView.html?idxno=351785,pos
2026-02-20 08:14,,포스코,포스코홀딩스 정기 이사회 개최...사내·외 이사 후보 추천,포스코홀딩스는 19일 포스코센터에서 정기 이사회를 열고 사내외이사 후보 추천 건과 자사주 소각건을 정기주주총회 안건으로 부의키로 의결했다. 포스코홀딩스 이사회 산하 이사후보추천위원회는 신임 사외이사...,https://www.pinpointnews.co.kr/news/articleView.html?idxno=430691,pos
2026-02-20 08:12,철강금속신문,포스코,"포스코, 이희근-정석모 전면에 '글로벌 밸류업'…김주연 전 P&G 부회장 영...","김주연 전 P&G 부회장, 정석모 포스코홀딩스 사업시너지본부장, 이희근 포스코 대표이사 사장 포스코홀딩스가 19일 정기 이사회를 통해 신임 사내이사 후보로 정석모 사업시너지본부장을 추천하고, 기타비상무이사...",http://www.ferrotimes.com/news/articleView.html?idxno=46437,pos
2026-02-20 08:00,,포스코,포스코홀딩스 정기 이사회 개최...사내외 이사 후보 추천 및 자사주 소...,포스코홀딩스가 지난 19일 포스코센터에서 정기 이사회를 열고 사내외이사 후보 추천 건과 자사주 소각건을 정기주주총회 안건으로 부의키로 의결했다. 포스코홀딩스 이사회 산하 이사후보추천위원회는 신임 사외이사...,https://www.bizwork.co.kr/news/articleView.html?idxno=412648,pos
2026-02-20 07:00,,포스코,K철강 3년째 역성장…포스코·현대제철만 수익성 방어,20일 금융감독원 전자공시에 따르면 지난해 포스코·현대제철·동국제강·세아제강 등 주요 철강사 매출... 포스코 매출은 43조5591억원으로 2.4% 감소했지만 영업이익은 2조2267억원으로 28.6% 늘었다. 원가 절감과 고부가...,https://www.newsis.com/view/NISX20260219_0003518996,pos
2026-02-20 04:52,동아일보,포스코,"글로벌 상생 모델로 지역 안전 지킨다… 포스코, CBMM과 산단 환경 개선",달성 포스코가 주요 원료 공급사인 CBMM과 함께 조성한 글로벌 사회공헌 기금을 활용해 포항과 광양... 포스코는 지난해 10월 CBMM과 5만 달러 규모의 ‘GEM(Go Extra Mile) 매칭 펀드’ 조성을 위한 협약을 체결했다. GEM 매칭...,https://sports.donga.com/region/article/all/20260220/133382270/1,pos
2026-02-19 23:56,,포스코,"포스코-CBMM, 포항·광양 산단 안전인프라 개선에 '맞손'… 지역 주민 안...",포스코가 주요 원료 공급업체인 CBMM과 함께 조성한 기금을 활용해 포항과 광양의 국가산업단지 안전 인프라를 개선했다. 포스코는 지난해 10월 CBMM*과 함께 5만 달러 규모의 'GEM 매칭 펀드'를 조성하기 위한 협약을...,https://www.polinews.co.kr/news/articleView.html?idxno=723318,pos
2026-02-19 22:54,,포스코,포스코홀딩스 정기 이사회 개최,김주연 SK이노베이션 사외이사정석모 포스코홀딩스 사업시너지본부장이희근 포스코 대표이사 사장 포스코홀딩스가 19일 포스코센터에서 정기 이사회를 열고 사내외이사 후보 추천 건과 자사주 소각건을 정기주주총회...,http://www.hidomin.com/news/articleView.html?idxno=609531,pos
2026-02-19 22:18,,포스코,"포스코홀딩스, 신임 사외·사내이사 후보로 '김주연·정석모' 추천",김주연 사외이사·정석모 사내이사·이희근 기타비상무이사 후보(왼쪽부터) 포스코홀딩스가 19일 정기 이사회를 열고 사내외 이사 후보 추천과 자사주 소각을 정기주주총회 안건으로 부의하기로 의결했다. 포스코홀딩...,http://www.newsbrite.net/news/articleView.html?idxno=196513,pos
2026-02-19 21:54,,포스코,"포스코홀딩스, 정기 이사회 개최…""사내외 이사 후보 추천·자사주 소각...",포스코홀딩스가 19일 포스코센터에서 정기 이사회를 열고 사내외이사 후보 추천 건과 자사주 소각건을 정기주주총회 안건으로 부의키로 의결했다고 밝혔다. 포스코홀딩스 이사회 산하 이사후보추천위원회는 신임...,https://www.fetv.co.kr/news/article.html?no=213072,pos
2026-02-19 21:50,,포스코,"포스코, CBMM과 산업단지 안전 인프라 개선",포스코가 브라질 원료 공급사 CBMM과 함께 조성한 5만달러 규모의 'GEM 매칭 펀드'를 활용해 광양과 포항... 포스코는 앞으로도 글로벌 기업과 협업을 통해 지역사회 안전과 상생을 위한 다양한 사회공헌 활동을 지속해 나갈...,https://www.startuptoday.co.kr/news/articleView.html?idxno=588389,pos
2026-02-19 21:46,,포스코,"포스코홀딩스, 사내이사 후보로 정석모·이주태·김기수 등 추천",포스코홀딩스는 신임 사내이사 후보로 정석모 사업시너지본부장을 추천하고 이주태 미래전략본부장과 김기수 미래기술연구원장(그룹CTO·최고기술책임자)을 재추천했다고 19일 밝혔다. 포스코홀딩스는 이날 서울...,https://www.ngonews.kr/news/articleView.html?idxno=224649,pos
2026-02-19 21:26,동아일보,포스코,"포스코홀딩스, 6351억 규모 자사주 소각 의결… 이희근 사장·정석모 본...",포스코홀딩스는 19일 포스코센터에서 이사회를 열고 자사주 소각과 사내외이사 후보 추천 건 등을 정기주주총회 안건으로 올리기로 의결했다고 밝혔다. 자사주 소각의 경우 6351억 원 규모 자사주 2%를 소각하기로...,https://www.donga.com/news/Economy/article/all/20260219/133384957/1,pos
2026-02-19 21:22,,포스코,"포스코홀딩스, 사내·외이사 후보 추천… 자사주 2% 소각",포스코홀딩스가 19일 포스코센터에서 정기 이사회를 열고 사내외이사 후보 추천 건과 자사주 소각건을 정기주주총회 안건으로 부의키로 의결했다고 밝혔다. 포스코홀딩스 이사회 산하 이사후보추천위원회는 신임...,https://www.newscj.com/news/articleView.html?idxno=3376598,pos
2026-02-19 21:14,세계일보,포스코,"포스코홀딩스 정기 이사회 개최, 사내외 이사 후보 추천 및 자사주 소각","이희근 포스코 대표이사 사장 기타비상무이사 후보로 추천 자사주 2% 소각 결정, 2024년부터 3년간 총 6%(약 1조7000억원) 소각 목표 완료, 주주환원정책 완수 포스코홀딩스는 19일 포스코센터에서 정기 이사회를 열고...",https://www.segye.com/newsView/20260219518716?OutUrl=naver,pos
2026-02-19 21:06,뉴스락,포스코,"포스코홀딩스, 김주연 前 P&G 부회장 사외이사 추천",포스코홀딩스가 포스코센터에서 정기 이사회를 열고 사내외이사 후보 추천 건과 자사주 소각건을 정기주주총회 안건으로 부의키로 의결했다고 19일 밝혔다. 포스코홀딩스 이사회 산하 이사후보추천위원회는 신임...,http://www.newslock.co.kr/news/articleView.html?idxno=125554,pos
2026-02-19 21:04,,포스코,"포스코홀딩스 이사회서 사내이사로 정석모 추천, 자사주 2% 소각도 의결",포스코홀딩스가 사내이사 신규 후보로 정석모 사업시너지본부장을 추천했다. 포스코홀딩스는 19일 서울 강남구 포스코센터에서 정기 이사회를 열고 신임 사내이사 후보로 정석모 사업시너지본부장을 새로 추천하고...,https://www.businesspost.co.kr/BP?command=article_view&num=430584,pos
2026-02-19 21:04,,포스코,"포스코홀딩스 이사회 열고 사내이사 신규 후보 정석모 추천, 자사주 2% ...",포스코홀딩스가 사내이사 신규 후보로 정석모 사업시너지본부장을 추천했다. 포스코홀딩스는 19일 서울 강남구 포스코센터에서 정기 이사회를 열고 신임 사내이사 후보로 정석모 사업시너지본부장을 새로 추천하고...,https://www.businesspost.co.kr/BP?command=article_view&num=430584,pos
2026-02-19 20:54,,포스코,"포스코홀딩스, 이사회 재편…1조7천억 규모 주주환원 마무리",포스코홀딩스가 신임 사외이사 후보 추천과 자사주 소각을 의결하며 이사회 개편과 주주환원 정책을 동시에 추진한다. 포스코홀딩스는 19일 서울 포스코센터에서 정기 이사회를 열고 사내외이사 후보 추천과 자사주...,http://www.biztribune.co.kr/news/articleView.html?idxno=349134,pos
2026-02-19 20:49,,포스코,"포스코, CBMM 손잡고 포항·광양 산단 안전망 확충","포스코가 주요 원료 공급업체인 CBMM과 함께 조성한 기금을 활용해 포항과 광양의 국가산업단지 안전 인프라를 개선했다.포스코는 지난해 10월, CBMM과 함께 5만 달러 규모의 ‘GEM 매칭 펀드’를 조성하기 위한 협약을...",https://www.ksmnews.co.kr/news/view.php?idx=591354,pos
2026-02-19 20:48,,포스코,"포항 양학동지사협-포스코STS압연부, 독거노인·저소득층에 음식꾸러미",이경란)와 포스코STS압연부(부장 이재강)가 다가오는 설을 맞아 10일(화) 관내 독거노인 및 저소득층 30가구에 명절 음식 꾸러미를 전달했다. 명절 꾸러미 나눔 행사는 양학동지역사회보장협의체와 포스코STS압연부가...,https://www.ksmnews.co.kr/news/view.php?idx=591390,pos
2026-02-19 20:42,,포스코,"포스코홀딩스, 자사주 169만주 소각…주주환원 계획 이행","포스코홀딩스가 기존에 보유하고 있던 자기주식 약 169만주를 소각한다. 지난해 발표한 '3년간 발행주식 6% 분할 소각' 계획에 따른 조치로, 주주환원 정책 이행에 속도가 붙는 모습이다. 포스코홀딩스는 2월 19일...",http://www.snmnews.com/news/articleView.html?idxno=565429,pos
2026-02-19 20:42,,포스코,"포스코, 산단공·원료공급사 CBMM과 함께 포항·광양 산업단지 안전 인프...","포스코가 주요 원료 공급업체인 CBMM과 함께 조성한 기금을 활용해 포항과 광양의 국가산업단지 안전 인프라를 개선했다. 포스코는 지난해 10월, CBMM과 함께 5만 달러 규모의 'GEM 매칭 펀드'를 조성하기 위한 협약을...",http://www.snmnews.com/news/articleView.html?idxno=565421,pos
2026-02-19 20:42,,포스코,"포스코홀딩스, 이사회 후보 공개…자사주 2% 소각으로 3년 환원 플랜 마...",포스코홀딩스가 정기 이사회를 열고 사내외 이사 후보 추천과 자사주 소각을 동시에 결정했다. 지주사... 포스코홀딩스 이사회 산하 이사후보추천위원회는 신임 사외이사 후보로 김주연 前 P&G 일본·한국지역 부회장을...,http://www.snmnews.com/news/articleView.html?idxno=565435,pos
2026-02-19 20:07,아시아경제,포스코,"포스코홀딩스, 신임 사내이사 정석모 본부장 등 추천···자사주 6351억...","포스코홀딩스가 정석모 사업시너지본부장을 신임 사내이사 후보로 추천하고, 6300억원 규모의 자사주 소각을 결정하며 이사회 재편과 주주환원 정책 강화에 나섰다. 포스코홀딩스는 19일 서울 강남구 포스코센터에서...",https://view.asiae.co.kr/article/2026021920070217003,pos
2026-02-19 20:04,,포스코,"포스코홀딩스, 사내외 이사 후보 추천",자사주 2% 소각 주당 1만원 기본배당 결정 뉴시스 포스코홀딩스는 신임 사내이사 후보로 정석모 사업시너지본부장을 추천하고 이주태 미래전략본부장과 김기수 미래기술연구원장을 재추천했다. 19일 포스코홀딩스 등에...,http://www.segyebiz.com/newsView/20260219518168?OutUrl=naver,pos
2026-02-19 19:58,세계일보,포스코,"포스코홀딩스, 사내외 이사 후보 추천·자사주 2% 소각 의결","포스코홀딩스가 사내외 이사 후보를 추천하고, 발행주식의 2%에 해당하는 자사주 소각을 결정했다. 포스코홀딩스는 19일 서울 포스코센터에서 정기 이사회를 열고 사내외 이사 후보 추천과 자사주 소각 안건을...",https://www.segye.com/newsView/20260219517714?OutUrl=naver,pos
2026-02-19 19:50,,포스코,"포스코홀딩스, 사외이사 후보에 김주연 전 한국P&G부회장","뉴스토마토 = 윤영혜 기자 | 포스코(005490)홀딩스가 정기 이사회를 열고 김주연 전 한국P&G 부회장을 사외이사... 신임 사외이사 후보인 김주연 SK이노베이션 사외이사, 사내이사 후보인 정석모 포스코홀딩스...",http://www.newstomato.com/ReadNews.aspx?no=1291857&inflow=N,pos
2026-02-19 19:42,,포스코,"포스코홀딩스, 사내외 이사 후보 추천 및 자사주 소각",포스코홀딩스는 19일 포스코센터에서 정기 이사회를 열고 사내외이사 후보 추천 건과 자사주 소각건을 정기주주총회 안건으로 부의키로 의결했다. 포스코홀딩스 이사회 산하 이사후보추천위원회는 신임 사외이사...,https://www.newsworks.co.kr/news/articleView.html?idxno=831526,pos
2026-02-19 19:34,,포스코,"포스코, 산단공·CBMM 손 잡고 포항·광양산단 안전 인프라 구축","사진=포스코 제공 지난해 10월 포스코, CBMM 관계자가 5만 달러 규모의 'GEM 매칭 펀드'를 조성하기 위한 협약을 체결한 뒤 기념촬영을 하고 있다. 사진=포스코 제공 포스코가 주요 원료 공급업체인 CBMM과 함께 조성한...",http://www.hidomin.com/news/articleView.html?idxno=609504,pos
2026-02-19 19:30,,포스코,"포스코홀딩스, 정기이사회서 6351억원 규모 자사주 소각 의결",신임 사내이사 후보에 정석모 사업시너지 본부장 이희근 포스코 대표는 신임 기타비상무이사 후보로 신임 사외이사 후보에 김주연 前 P&G한국·일본 부회장 포스코홀딩스(POSCO홀딩스)가 정기이사회를 열고 사내외이사...,https://biz.chosun.com/industry/company/2026/02/19/2RR3LXVZXVHUZHVV5TGZNEZSFY/?utm_source=naver&utm_medium=original&utm_campaign=biz,pos
2026-02-19 19:30,,포스코,"포스코홀딩스, 이사회 쇄신과 주주환원으로 새 판 짜다",포스코홀딩스가 19일 포스코센터에서 정기 이사회를 열고 사내외이사 후보 추천과 자사주 소각 건을 정기주주총회 안건으로 상정하기로 의결했다. 이사후보추천위원회는 신임 사외이사 후보로 김주연 前 P&G 일본...,http://www.ftoday.co.kr/news/articleView.html?idxno=355363,pos
2026-02-19 19:30,,포스코,체코 리튬광산 개발 韓기업이 맡나… 포스코홀딩스 참여 검토,"현지 기업인 지오멧이 광산 채굴 프로젝트를 주관하고, 한국 기업인 포스코홀딩스가 배터리용 탄산리튬을... 하블리첵 장관은 김 장관과의 면담 후 기자회견에서 지오멧과 포스코홀딩스 간의 합작 프로젝트 추진...",https://www.asiatoday.co.kr/view.php?key=20260220010005933,pos
2026-02-19 19:14,뉴스저널리즘,포스코,"포스코홀딩스, 사내외이사 후보 추천…자사주 2% 소각 의결",뉴스저널리즘 김문수 기자 = 포스코홀딩스가 19일 포스코센터에서 정기 이사회를 열고 사내외이사 후보 추천 건과 자사주 소각건을 정기주주총회 안건으로 부의키로 의결했다. 포스코홀딩스 이사회 산하...,https://www.ngetnews.com/news/articleView.html?idxno=548322,pos
2026-02-19 19:10,대경일보,포스코,"포스코, 포항·광양 산업단지 안전 인프라 개선 위해 산단공·원료공급...","▲ 포스코가 CBMM, 한국산업단지공단과'GEM 매칭 펀드'를 조성하기 위한 협약을 체결하면서 기념촬영을 하고 있다. 포스코는 이 기금을 활용해 포항과 광양의 국가산업단지 안전 인프라를 개선했다. 포스코 제공 포스코가...",https://www.dkilbo.com/news/articleView.html?idxno=534386,pos
2026-02-19 19:10,,포스코,"포스코홀딩스, 정기 이사회 개최해 사내외 이사 후보 추천… 자사주 소...",포스코홀딩스가 19일 포스코센터에서 정기 이사회를 열고 사내외 이사 후보 추천 건과 자사주 소각 건을 정기주주총회 안건으로 부의키로 의결했다. 포스코홀딩스 이사회 산하 이사후보추천위원회는 신임...,https://www.polinews.co.kr/news/articleView.html?idxno=723303,pos
2026-02-19 19:10,,포스코,"포스코, 자사주 '3년 총 6% 소각' 완수 …사내·사외이사도 추천",포스코홀딩스가 정기 이사회를 열고 자사주 소각과 사내외 이사 후보 추천 안건을 정기주주총회에 상정하기로 의결했다. 포스코홀딩스는 19일 서울 강남구 포스코센터에서 정기 이사회를 개최했다고 밝혔다. 이날...,https://www.mt.co.kr/industry/2026/02/19/2026021918140193766,pos
2026-02-19 19:00,,포스코,"포스코이앤씨,1년 새 5명 사망...신안산선 현장 구조적 결함 있나?","포스코이앤씨(사장 송치영)가 시공을 맡은 수도권 건설 현장에서 연이은 사망 사고와 안전 관리 부실 지적이... 제출받은 '포스코이앤씨 수도권 건설현장 안전점검 결과' 자료에 따르면, 2025년 한 해 동안 해당 기업의 시공...",https://www.ppss.kr/news/articleView.html?idxno=286503,neg
2026-02-19 19:00,헤럴드경제,포스코,"포스코홀딩스, 정석모 본부장 사내이사 후보 추천",자사주 2% 소각…주당 1만원 배당 의결 내달 정기주총서 이사 선임 및 배당안 의결 포스코홀딩스 CI. [헤럴드DB] [헤럴드경제=최은지 기자] 포스코홀딩스가 신임 사내이사 후보로 정석모 사업시너지본부장을 추천하며...,https://biz.heraldcorp.com/article/10678664?ref=naver,pos
2026-02-19 18:59,,포스코,"포스코홀딩스, 사내외 이사 후보 추천⋯자사주 2% 소각",포스코홀딩스는 19일 정기 이사회를 열고 사내외이사 후보 추천 건과 자사주 소각건을 정기주주총회 안건으로 부의하기로 의결했다. 포스코홀딩스 이사회 산하 이사후보추천위원회는 신임 사외이사 후보로 김주연 전 P...,http://www.inews24.com/view/1940588,pos
2026-02-19 18:58,,포스코,"포스코홀딩스, 정기 이사회 개최...사내외 이사 후보 추천 및 자사주 소...",포스코홀딩스가 19일 포스코센터에서 정기 이사회를 열고 사내외이사 후보 추천 건과 자사주 소각건을 정기주주총회 안건으로 부의키로 의결했다. 포스코홀딩스 이사회 산하 이사후보추천위원회는 신임 사외이사...,https://www.insightkorea.co.kr/news/articleView.html?idxno=241427,pos
2026-02-19 18:58,,포스코,"포스코홀딩스, 사내이사 후보로 정석모·이주태 본부장 등 추천","화이트페이퍼, WHITEPAPER(CI=포스코홀딩스) 포스코홀딩스는 신임 사내이사 후보로 정석모 사업시너지본부장을 추천하고 이주태 미래전략본부장과 김기수 미래기술연구원장(그룹CTO·최고기술책임자)을 재추천했다고 19일...",http://www.whitepaper.co.kr/news/articleView.html?idxno=258463,pos
2026-02-19 18:50,,포스코,"포스코홀딩스, 이사회서 이사 후보 추천·자사주 2% 소각 의결",포스코홀딩스가 사내외 이사 후보 추천과 자사주 소각을 포함한 주주환원 정책을 의결하며 지배구조 개편과 기업가치 제고에 나섰다. 포스코홀딩스는 19일 서울 포스코센터에서 정기 이사회를 열고 사내외 이사 후보...,https://www.kbmaeil.com/article/20260219500703,pos
2026-02-19 18:46,,포스코,"포스코홀딩스, 이사 후보 추천·자사주 2% 소각 의결…주주환원 강화",기자] 포스코홀딩스는 19일 정기 이사회를 열고 사내외이사 후보 추천과 자사주 소각 안건을 정기주주총회에 상정하기로 의결했다고 밝혔다. 포스코홀딩스의 이같은 결정은 지배구조 안정과 주주가치 제고를 동시에...,https://www.seoultimes.news/news/article.html?no=2000091932,pos
2026-02-19 18:45,,포스코,"포스코홀딩스, 사내외이사 후보 추천…자사주 2% 소각",포스코홀딩스가 사내외이사 후보 추천과 자사주 2% 소각을 의결하며 이사회 재편과 주주환원 강화에... 포스코홀딩스는 19일 서울 강남구 포스코센터에서 정기 이사회를 개최했다며 이 같이 밝혔다. 이사회 산하...,http://www.fnnews.com/news/202602191835175086,pos
2026-02-19 18:45,,포스코,"포스코홀딩스, 주총서 자사주 2% 소각 계획…6351억 규모",포스코홀딩스가 19일 포스코센터에서 정기 이사회를 열고 사내외이사 후보 추천 건과 자사주 소각 건을 정기주주총회 안건으로 부의키로 의결했다고 밝혔다. 소각키로 의결한 자사주는 2%로 약 6351억원 규모다. 이는...,https://zdnet.co.kr/view/?no=20260219183735,pos
2026-02-19 18:42,,포스코,"포스코홀딩스 이사회, 총 6351억원 규모 자사주 소각안 의결",김주연 전 P&G 일본·한국지역 부회장 등 신규 사내 및 사외 이사도 추천 포스코홀딩스가 19일 이사회를 열고 총 6000억여원 규모의 자사주 소각을 결정했다. 이날 포스코홀딩스 이사회는 총 6351억원 규모에 해당하는...,https://www.tfmedia.co.kr/news/article.html?no=201688,pos
2026-02-19 18:40,,포스코,"포스코홀딩스, 사내외 이사 후보 확정...자사주 2% 소각",포스코홀딩스가 19일 포스코센터에서 정기 이사회를 열고 사내외 이사 후보 추천과 자사주 소각 안건을 정기주주총회에 부의키로 의결했다. 이사회 산하 이사후보추천위원회는 신임 사외이사 후보로 김주연 前 P&G 일본...,https://www.pointe.co.kr/news/articleView.html?idxno=72440,pos
2026-02-19 18:34,경북일보,포스코,"포스코·CBMM, 포항·광양 산단 안전 인프라 개선",포스코가 주요 원료 공급업체인 브라질 CBMM과 함께 조성한 기금을 활용해 포항과 광양 국가산업단지 안전 인프라를 개선했다. 포스코는 지난해 10월 CBMM과 함께 5만 달러 규모의 'GEM 매칭 펀드'조성협약을 체결했다. GEM...,https://www.kyongbuk.co.kr/news/articleView.html?idxno=4064896,pos
2026-02-19 18:32,연합뉴스,포스코,"포스코홀딩스, 사내이사 후보로 정석모·이주태 본부장 등 추천",기본배당 포스코홀딩스는 신임 사내이사 후보로 정석모 사업시너지본부장을 추천하고 이주태 미래전략본부장과 김기수 미래기술연구원장(그룹CTO·최고기술책임자)을 재추천했다고 19일 밝혔다. 포스코홀딩스는 이날...,https://www.yna.co.kr/view/AKR20260219140900003?input=1195m,pos
2026-02-19 18:30,뉴스1,포스코,"포스코홀딩스, 신임 사외이사 후보에 김주연 전 한국P&G부회장",포스코홀딩스(005490)가 19일 포스코센터에서 정기 이사회를 열고 사내외이사 후보 추천 건과 자사주 소각 건을 정기주주총회 안건으로 부의하기로 의결했다. 먼저 포스코홀딩스 이사회 산하 이사후보추천위원회는 신임...,https://www.news1.kr/industry/general-industry/6076881,pos
2026-02-19 18:30,미디어펜,포스코,"포스코홀딩스, 사내·외이사 후보 확정…자사주 2% 소각",포스코홀딩스는 19일 포스코센터에서 정기 이사회를 열고 사내외이사 후보 추천 건과 자사주 소각건을 정기주주총회 안건으로 부의키로 의결했다고 밝혔다. 포스코홀딩스는 19일 정기 이사회를 열고 사내외이사 후보...,https://www.mediapen.com/news/view/1082419,pos
2026-02-19 18:30,더팩트,포스코,"포스코홀딩스, 사내외이사 후보 확정…자사주 2% 소각",기자] 포스코홀딩스는 19일 정기 이사회를 열고 사내외이사 후보 추천과 자사주 소각 등을 정기주주총회에... 이희근 포스코 대표이사 사장을 추천했다. 이주태 미래전략본부장과 김기수 미래기술연구원장(그룹CTO)은...,https://news.tf.co.kr/read/economy/2294237.htm,pos
2026-02-19 18:28,,포스코인터내셔널,"엘앤씨바이오·피에스케이홀딩스, 20%대 폭등 밸류업 대장주 등극했다","지주사격인 HD현대와 에너지 유통의 SK가스, 종합 상사 포스코인터내셔널, 엘리베이터 제조사인 현대엘리베이터도 상승 마감했다. 방산과 항공, 해운 업종에서도 밸류업 온기가 확산됐다. 자주포 수출 강자...",https://www.pinpointnews.co.kr/news/articleView.html?idxno=430634,pos
2026-02-19 18:26,,포스코,"포스코홀딩스, ‘자사주 연 2% 소각’ 주주환원 정책 완수한다",1조7천억 규모 주주환원 마침표 이사회 재편 '전문성 강화' 방점 김주연 前한국P&G부회장 사외이사 후보 포스코홀딩스가 이사회 구성을 새롭게 정비하고 자사주 소각을 통해 주주환원 정책 이행에 속도를 낸다.포스코홀딩...,https://www.asiatoday.co.kr/view.php?key=20260219010005945,pos
2026-02-19 18:26,MTN,포스코,"포스코홀딩스, 사내외 이사 후보 추천·자사주 2% 소각 결정",포스코홀딩스가 정기 이사회를 열고 사내외이사 후보 추천과 자사주 소각 안건을 정기주주총회에 부의키로 의결했다.포스코홀딩스는 19일 서울 강남구 포스코센터에서 정기 이사회를 개최했다고 밝혔다.이사회 산하...,https://news.mtn.co.kr/news-detail/2026021918243526324,pos
2026-02-19 18:25,,포스코,"포스코홀딩스, '정기 이사회' 개최···사내외 이사 후보 추천 및 자사...",포스코홀딩스가 19일 포스코센터에서 정기 이사회를 열고 사내외이사 후보 추천 건과 자사주 소각건을 정기주주총회 안건으로 부의키로 의결했다. 포스코홀딩스 이사회 산하 이사후보추천위원회는 신임 사외이사...,http://www.enewstoday.co.kr/news/articleView.html?idxno=2396083,pos
2026-02-19 18:24,,포스코,포스코홀딩스 정기 이사회 개최···사내외 이사 후보 추천,[포스코] 포스코홀딩스가 19일 포스코센터에서 정기 이사회를 열고 사내외이사 후보 추천 건과 자사주 소각건을 정기주주총회 안건으로 부의키로 의결했다. 포스코홀딩스 이사회 산하 이사후보추천위원회는 신임...,https://www.ziksir.com/news/articleView.html?idxno=124400,pos
2026-02-19 18:24,,포스코,"포스코홀딩스, 사내외이사 후보 확정…6351억원 규모 자사주 2% 소각 의...",포스코홀딩스가 19일 포스코센터에서 정기 이사회를 열고 사내외이사 후보 추천 건과 자사주 소각건을 정기주주총회 안건으로 부의키로 의결했다. 포스코홀딩스 이사회 산하 이사후보추천위원회는 신임 사외이사...,https://www.kukinews.com/article/view/kuk202602190281,pos
2026-02-19 18:22,,포스코,"포스코홀딩스, 1.7조 주주환원 약속 지켰다⋯ 자사주 2% 추가 소각",포스코홀딩스가 주주가치 제고를 위해 약 6300억원 규모의 자사주 2%를 추가 소각한다. 이와 함께 이사회 전문성 강화를 위해 글로벌 마케팅 전문가인 김주연 전 한국P&G 부회장을 신임 사외이사로 영입한다. 19일 포스코...,https://www.viva100.com/article/20260219501355,pos
2026-02-19 18:22,에너지경제,포스코,"포스코홀딩스, 정기 이사회 개최…신임 이사 추천·자사주 소각 의결",포스코홀딩스 이사회가 글로벌 경영·마케팅 경험을 갖춘 여성 기업인을 사외이사로 선임하는 등 신임 사내·외이사 후보를 추천했다. 마지막 남은 자사주 2% 소각도 마무리하기로 했다. 포스코홀딩스는 서울 대치동...,https://www.ekn.kr/web/view.php?key=20260219025570876,pos
2026-02-19 18:20,뉴스핌,포스코,"포스코홀딩스, 김주연 前 P&G 부회장 사외이사 추천…자사주 2% 소각 의...",포스코홀딩스가 19일 포스코센터에서 정기 이사회를 열고 사내외이사 후보 추천 건과 자사주 소각건을 정기주주총회 안건으로 부의키로 의결했다. 포스코센터 전경 [사진=포스코] 포스코홀딩스 이사회 산하...,https://www.newspim.com/news/view/20260219001178,pos
2026-02-19 17:42,,포스코,"포스코, 포항·광양 국가산단 안전 인프라 개선",포스코가 주요 원료 공급업체인 CBMM과 함께 조성한 기금을 활용해 포항과 광양의 국가산업단지 안전 인프라를 개선했다. 개선 사업은 2025년 12월부터 올해 1월까지 2개월에 걸쳐 진행됐다. 포스코는 스마트 가로등과...,https://www.joongdo.co.kr/web/view.php?key=20260219010006207,pos
2026-02-19 17:36,,포스코,"포스코, 산단공·원료공급사 CBMM와 포항·광양산단 안전 개선",포스코가 주요 원료 공급업체인 CBMM과 함께 조성한 기금을 활용해 포항과 광양의 국가산업단지 안전 인프라를 개선했다. 포스코는 지난해 10월 CBMM과 함께 5만 달러 규모의 'GEM 매칭 펀드'를 조성하기 위한 협약을...,https://www.newsworks.co.kr/news/articleView.html?idxno=831509,pos
2026-02-19 16:43,,포스코,"포스코, 브라질 원료 공급업체와 국가산단 안전 인프라 개선",포스코가 주요 원료 공급업체인 CBMM(브라질 소재 니오븀 생산 업체)과 함께 조성한 기금을 활용해 포항과 광양 국가산업단지의 안전 인프라를 개선했다고 19일 밝혔다. 포스코는 지난해 10월 CBMM과 5만 달러 규모의 'GEM...,https://www.newsis.com/view/NISX20260219_0003518955,pos
2026-02-19 16:40,,포스코인터,[코스피 지수선물 옵션] 삼성SDI·효성중공업 선물 강세... 산업재 랠리...,"삼성SDS, 카카오뱅크, 키움증권, 현대건설, DB손해보험 선물은 IT·금융·건설 관련 업종 모멘텀으로 강세를 보였고, 삼천당제약, 크래프톤, S-Oil, 포스코인터, NH투자증권 선물 역시 각각 제약·게임·정유·철강·금융 업황...",https://www.pinpointnews.co.kr/news/articleView.html?idxno=430615,pos
2026-02-19 16:38,,포스코인터내셔널,'탈탄소'에 바뀌는 전기강판 경쟁구도…공정·소재에서 '에너지원' 부각,"포스코인터내셔널은 300MW급 신안 해상풍력 개발 사업에 참여해 생산 전력을 그룹 계열사 수요와 연계하는 PPA 활용을 추진 중이며, 포항·광양제철소 태양광 설비 확대와 해외 수소 공급망 구축을 통해 수소환원제철...",http://www.metroseoul.co.kr/article/20260219500452,pos
2026-02-19 16:29,,포스코,"포스코홀딩스, 6400억 규모 자사주 소각",포스코홀딩스는 19일 기존 취득한 자기주식 169만1425주를 다음달 31일 소각한다고 공시했다. 이번 소각 규모는 약 6400억원 수준이다. 2024년 포스코홀딩스는 향후 3년간 자사주를 분할 소각하겠다고 밝힌 적이...,https://www.bloter.net/news/articleView.html?idxno=654663,pos
2026-02-19 16:26,뉴스워커,포스코,"포스코, 산단공·원료공급사 CBMM社와 함께 광양·포항 산업단지 안전인...","포스코가 주요 원료 공급업체인 CBMM과 함께 조성한 기금을 활용해 광양과 포항의 국가산업단지 안전 인프라를 개선했다고 19일 밝혔다. 포스코는 지난해 10월, CBMM*과 함께 5만달러(약 7천만 원) 규모의 'GEM 매칭 펀드'를...",http://www.newsworker.co.kr/news/articleView.html?idxno=414668,pos
2026-02-19 16:18,뉴스1,포스코,"포스코, 브라질 CBMM과 함께 광양·포항 산단 안전인프라 개선",포스코가 주요 원료 공급업체인 브라질 CBMM(니오븀 생산)과 함께 조성한 기금 5만 달러를 활용해 전남 광양과 경북 포항의 국가산업단지 안전 인프라를 개선했다고 19일 밝혔다. 19일 포스코 광양제철소에 따르면...,https://www.news1.kr/local/gwangju-jeonnam/6076612,pos
2026-02-19 16:14,,포스코,"포스코, CBMM 손잡고 포항·광양 국가산업단지 내 안전 인프라 확충",포스코가 원료 공급업체인 CBMM과 함께 제철소가 자리한 경북 포항과 전남 광양 지역의 국가산업단지에 안전... 19일 포스코에 따르면 지난해 10월 CBMM과 함께 5만달러 규모의 'GEM 매칭 펀드'를 조성하는 협약을 체결했다....,https://www.imaeil.com/page/view/2026021915593578197,pos
2026-02-19 16:10,,포스코,"포스코, 산단공·원료공급사 CBMM社와 함께 포항·광양 산업단지 안전 인...",포스코가 지난해 10월 CBMM*과 함께 5만 달러 규모의 'GEM 매칭 펀드'를 조성하기 위한 협약을 체결했다. (사진 = 포스코) 포스코가 주요 원료 공급업체인 CBMM과 함께 조성한 기금을 활용해 포항과 광양의 국가산업단지 안전...,https://www.gukjenews.com/news/articleView.html?idxno=3509142,pos
2026-02-19 16:09,,구동모터코어,"LG전자, 美 B2B 가전 ‘톱3’ 가시권… 관세 변수속 성장 가속",모터·컴프레서 등 코어테크와 이를 구동하는 알고리즘 역량에서 경쟁사 대비 차별화된 강점을 갖췄다는 설명이다. 한편 LG전자는 미국 내 AI 데이터센터 건설 붐을 새로운 B2B 성장 기회로 보고 있다. 간담회에 함께한...,https://www.seoultimes.news/news/article.html?no=2000091923,pos
2026-02-19 16:00,,포스코,"포스코, GEM 기금으로 ‘포항·광양 산업단지 안전 인프라’ 개선...글로...",설치 포스코(005490)가 브라질 원료 공급업체 CBMM과 함께 조성한 기금을 활용해 포항과 광양의 국가산업단지... 포스코는 지난해 10월 CBMM과 함께 5만 달러 규모의 ‘GEM 매칭 펀드’를 조성하기 위한 협약을 체결했다. ‘GEM...,https://www.nspna.com/news/?mode=view&newsid=803346,pos
2026-02-19 15:56,,포스코,"포스코, CBMM社와 포항·광양 산업단지 안전 인프라 개선","포스코가 주요 원료 공급업체인 CBMM과 함께 조성한 기금을 활용해 포항과 광양의 국가산업단지 안전 인프라를 개선했다고 19일 밝혔다. 포스코는 지난해 10월, CBMM*과 함께 5만 달러 규모의 ‘GEM 매칭 펀드’를 조성하기...",http://www.shinailbo.co.kr/news/articleView.html?idxno=2193554,pos
